product_id,product_name,jumlah_hari_transaksi,total_unit_terjual,rata2_per_transaksi
TLR2,Telur 1/2,201,3731.0,18.562189054726367
MGR001,Mie goreng,182,9676.0,53.16483516483517
KPH001,Kopi hitam,159,7734.0,48.64150943396226
YP500,Yupi 500,157,8524.0,54.29299363057325
KP001,Kecap,103,1972.0,19.145631067961165
MKH001,Mie kuah,102,4247.0,41.63725490196079
PLS002,Pilus,91,2456.0,26.98901098901099
CL1001,Chocolatos 1000,88,2135.0,24.261363636363637
RTP001,Roti pia,88,1021.0,11.602272727272727
GRR005,Goriorio,87,2904.0,33.37931034482759
GPT001,Gery potato,74,1682.0,22.72972972972973
MSK001,Masako,72,2073.0,28.791666666666668
GL1001,Gula 1kg,69,981.0,14.217391304347826
GRM01,Garam,61,1225.0,20.081967213114755
IDM002,Indomilk,60,1392.0,23.2
DLN02,Dilan 2000,54,1406.0,26.037037037037038
TLR1,Telur 1kg,54,728.0,13.481481481481481
DLN001,Dilan 1000,51,1438.0,28.19607843137255
LDK001,Ladaku,50,1182.0,23.64
GDY001,Good Day,49,1197.0,24.428571428571427
BRS1,Beras 1kg,49,718.0,14.653061224489797
SBE001,Ekonomi colek,48,998.0,20.791666666666668
RCK001,Racik,48,816.0,17.0
CLB001,Chocolatos bubuk,46,1185.0,25.76086956521739
TGJP001,Tepung jempol,45,825.0,18.333333333333332
CL5001,Chocolatos 500,43,1390.0,32.325581395348834
TLR4,Telur 1/4,42,695.0,16.547619047619047
SAR001,Saori,39,784.0,20.102564102564102
GRA001,Garuda atom,39,641.0,16.435897435897434
RYC001,Royco,38,1032.0,27.157894736842106
BPT1,B. putih 1/4,38,574.0,15.105263157894736
JLI02,Inaco ecer,36,1072.0,29.77777777777778
APT001,Apetito,36,606.0,16.833333333333332
RY001,Roma kopyor,36,433.0,12.027777777777779
NTS001,Nutrisari,34,895.0,26.323529411764707
FTG001,Fruta gummy 2,34,618.0,18.176470588235293
OREO001,Oreo,33,1308.0,39.63636363636363
GCC001,Garuda crunchy,31,641.0,20.677419354838708
THD001,Teh dandang,31,588.0,18.967741935483872
TGP002,Tepung peyek,31,540.0,17.419354838709676
STS,Santan sasa,31,429.0,13.838709677419354
TLR2,TELUR 1/2,31,378.0,12.193548387096774
TPL2,Tropical 2Lt,31,333.0,10.741935483870968
SNK001,Snack,29,501.0,17.275862068965516
BRS1,BERAS 1KG,29,356.0,12.275862068965518
KB001,Kuah bakso,28,802.0,28.642857142857142
MCN001,Micin 1000,28,635.0,22.678571428571427
KGA001,Kopi gula aren,28,540.0,19.285714285714285
RPK001,Rapika,27,439.0,16.25925925925926
MKE001,Mie eko,26,369.0,14.192307692307692
SKB001,Soklin bubuk,26,362.0,13.923076923076923
RST001,Roasta,25,630.0,25.2
DNY001,Downy,24,773.0,32.208333333333336
TRS001,Terasi,24,529.0,22.041666666666668
OKJ2,Okky jelly 2,24,350.0,14.583333333333334
PTS001,Piattos,23,453.0,19.695652173913043
LFB001,Lifebouy,23,325.0,14.130434782608695
GSK001,Gery salut kecil,22,619.0,28.136363636363637
DSO001,Desaku opor,22,445.0,20.227272727272727
RTG001,Roti gery,22,294.0,13.363636363636363
EKC001,Ekonomi cair,22,255.0,11.590909090909092
GSB002,Gery salut besar,22,218.0,9.909090909090908
POK001,Permen okky,21,649.0,30.904761904761905
KCG4,Kacang 1/4,19,208.0,10.947368421052632
GG001,Gentle Gen,18,521.0,28.944444444444443
THD001,Teh Dandang,18,488.0,27.11111111111111
OKJ1,Okky jelly 1,18,260.0,14.444444444444445
KRS001,Kara santan,18,220.0,12.222222222222221
CLP001,Chocolatos pillow,17,394.0,23.176470588235293
KTB001,Ketumbar,17,348.0,20.470588235294116
TGJ02,Tepung kanji 1/4,16,256.0,16.0
TGS001,T. segitiga 1kg,15,249.0,16.6
GL2001,Gula 1/2,15,192.0,12.8
KGK001,Kingkong,15,171.0,11.4
SSS001,SOSIS,14,409.0,29.214285714285715
PTT001,Permen tingting,14,311.0,22.214285714285715
JPT001,Japota,14,256.0,18.285714285714285
MP001,Mie panda,14,199.0,14.214285714285714
KKS001,Kerupuk seblak,14,190.0,13.571428571428571
MYK001,Minyak kita,14,136.0,9.714285714285714
CK001,Cokelat koin,13,438.0,33.69230769230769
EMR001,Emeron,13,379.0,29.153846153846153
GM001,Gula merah 1/4,13,231.0,17.76923076923077
SG7001,Sari gandum 7,13,132.0,10.153846153846153
SNC2,Sunco 2L,13,132.0,10.153846153846153
GRR001,Goriorio 1000,12,394.0,32.833333333333336
RST02,Roasta besar,12,260.0,21.666666666666668
BB001,Bamboe,12,206.0,17.166666666666668
DTL001,Detol,12,140.0,11.666666666666666
KPU001,Kerupuk udang,12,103.0,8.583333333333334
YP1001,Yupi 1000,11,363.0,33.0
MCN02,Micin 500,11,279.0,25.363636363636363
SG2001,Sari gandum 2,11,179.0,16.272727272727273
MLT001,Molto,10,330.0,33.0
MG001,Maggic,10,170.0,17.0
ZN001,Zen,10,160.0,16.0
MRN001,Marinasi,10,148.0,14.8
TSP001,Tisu peony,10,101.0,10.1
SK1,Sus kering 1/4,10,48.0,4.8
GS5001,Gery salut 500,9,294.0,32.666666666666664
MLK01,Malkist kecil,9,284.0,31.555555555555557
PLP001,Pilus POP,9,206.0,22.88888888888889
BRL001,Brownis lemonilo,9,138.0,15.333333333333334
TSN001,Tisu nice,9,130.0,14.444444444444445
SG10.001,Sari gandum 10,9,120.0,13.333333333333334
RDR001,Roma durian,9,99.0,11.0
ADS001,Adem sari,9,81.0,9.0
KTN001,Kertas nasi,8,367.0,45.875
BBG001,Bubble gum,8,215.0,26.875
DSK01,Desaku rempah,8,154.0,19.25
PT1/4,Plastik 1/4,8,120.0,15.0
MLK02,Malkist besar,8,95.0,11.875
CLO01,Cleo mineral,8,67.0,8.375
KRM01,Kurma 1kg,8,40.0,5.0
BRS03,Beras 3kg,8,37.0,4.625
MTY001,Okky Mountea,7,253.0,36.142857142857146
BPB001,B. putih bubuk,7,228.0,32.57142857142857
SDK001,Sedaap kaldu,7,181.0,25.857142857142858
BNC001,Boncabe,7,180.0,25.714285714285715
TGO001,Tanggo,7,155.0,22.142857142857142
TGJ02,Tepung Kanji 1/4,7,140.0,20.0
SS001,Sabun sayang,7,121.0,17.285714285714285
LML002,Le mineral,7,97.0,13.857142857142858
GRT001,Gerit,7,88.0,12.571428571428571
GPK001,Gopek,7,85.0,12.142857142857142
TLR4,TELUR 1/4,7,84.0,12.0
SNC001,Sunco 1L,7,82.0,11.714285714285714
CLR001,Chocolatos rich,7,81.0,11.571428571428571
TLA001,Tolak angin,7,58.0,8.285714285714286
KRM02,Kurma 1/2,7,31.0,4.428571428571429
PTB001,Potabe,6,221.0,36.833333333333336
HDP001,Handsaplast,6,153.0,25.5
PB001,Permen bola,6,144.0,24.0
STB001,scotch brite,6,82.0,13.666666666666666
TM001,Tisu montis,6,68.0,11.333333333333334
PT001,Petis 1/4,6,57.0,9.5
BTH001,Bonteh,6,10.0,1.6666666666666667
PTN001,Pantene,5,208.0,41.6
PT1/2,Plastik 1/2,5,149.0,29.8
PJ001,Permen jumbo,5,119.0,23.8
RK001,Roma kelapa,5,107.0,21.4
CTT001,Chitato,5,101.0,20.2
RTP001,Roti Pia,5,101.0,20.2
KPS001,Kerupuk pedas,5,74.0,14.8
GSL002,Garuda slondok,5,67.0,13.4
TSJ001,Tepung sajiku,5,65.0,13.0
TGS02,T. segitiga 1/2,5,63.0,12.6
JLI01,Jelly Inaco 1/2,5,62.0,12.4
GG02,GentleGen 10,5,61.0,12.2
PDS001,Pepsodent siwak,5,51.0,10.2
NO001,Neo mineral,5,46.0,9.2
GG001,Gentle gen,5,40.0,8.0
TLC001,Toilet cleaner,5,37.0,7.4
BG001,Bunga gem 1/2,5,29.0,5.8
RIS001,Roti isi selai,5,28.0,5.6
FTG002,Fruta gummy 1,5,26.0,5.2
RMB001,Rambak,5,16.0,3.2
DNY002,Downy 2,4,193.0,48.25
SBE001,EKONOMI COLEK,4,147.0,36.75
TGJP001,Tepung Jempol,4,106.0,26.5
MS001,Milo sachet,4,99.0,24.75
GDY001,Good day,4,72.0,18.0
BHJ01,Bihun jagung,4,63.0,15.75
TTL001,Tepung tulip,4,63.0,15.75
KB001,Kuah Bakso,4,60.0,15.0
TLR4,telur 1/4,4,56.0,14.0
TSN001,TISU NICE,4,48.0,12.0
GL1001,GULA 1KG,4,42.0,10.5
MZ001,Minyak Rizky,4,39.0,9.75
CBK001,Cokelat box kecil,4,34.0,8.5
KGK001,KINGKONG,4,33.0,8.25
KSM004,Samiler 1/4,4,26.0,6.5
KSM02,Samiler 1/2,4,19.0,4.75
PSD001,Pepsodent,4,15.0,3.75
STT001,Satelit,4,14.0,3.5
SK3,Sus kering 1/2,4,12.0,3.0
CM001,Clevo milk,3,142.0,47.333333333333336
GRR005,goriorio,3,136.0,45.333333333333336
CLV001,CLEVO,3,129.0,43.0
GR003,Gery 500,3,94.0,31.333333333333332
KBS001,Kapur bagus,3,86.0,28.666666666666668
BHJ01,Bihun Jagung,3,82.0,27.333333333333332
BKT001,Biskuat,3,82.0,27.333333333333332
RPK001,RAPIKA,3,82.0,27.333333333333332
MKE001,Mie Eko,3,80.0,26.666666666666668
DLC001,Dilan cookies,3,67.0,22.333333333333332
SSB001,Santan sasa bubuk,3,64.0,21.333333333333332
BRS1,beras 1kg,3,53.0,17.666666666666668
PT1001,Plastik 1kg,3,48.0,16.0
TGV001,Tepung virgo,3,48.0,16.0
SZ001,Super zet,3,47.0,15.666666666666666
TGB01,Tepung bakwan,3,47.0,15.666666666666666
PC001,Prochiz lembar,3,45.0,15.0
CLV001,Clevo,3,44.0,14.666666666666666
GDL001,Good Day latte,3,36.0,12.0
BR001,Bumbu Rendang,3,33.0,11.0
TLR1,TELUR 1KG,3,32.0,10.666666666666666
QKR001,Quaker oat,3,29.0,9.666666666666666
SK2,Sus kering 200,3,29.0,9.666666666666666
BSPHP01,Beras SPHP,3,28.0,9.333333333333334
MZ001,Minyak rizky,3,28.0,9.333333333333334
VLP001,Value pack,3,28.0,9.333333333333334
GC001,Garuda corn,3,27.0,9.0
SC001,Soklin cair,3,24.0,8.0
BPT02,B. putih 1/2,3,23.0,7.666666666666667
KPT04,K. tongkol 1/4,3,19.0,6.333333333333333
MLG001,Madu Lumbang,3,14.0,4.666666666666667
BS001,Bumbu soto,3,11.0,3.6666666666666665
KPT001,K. tongkol 1bal,3,7.0,2.3333333333333335
BRW001,BUMBU RAWON,3,6.0,2.0
DLC001,dilan cookies,2,136.0,68.0
OKJ2,Okky Jelly 2,2,93.0,46.5
APT001,apetito,2,77.0,38.5
KP001,kecap,2,75.0,37.5
EMR001,EMERON,2,68.0,34.0
PTL001,Potato lite,2,64.0,32.0
GC001,Garuda Corn,2,62.0,31.0
GD001,Garuda donat,2,61.0,30.5
GL1001,gula 1kg,2,60.0,30.0
MG001,MAGGIC,2,60.0,30.0
MCN004,Micin 2000,2,51.0,25.5
PLS002,pilus,2,48.0,24.0
RST001,ROASTA,2,47.0,23.5
OREO001,OREO,2,42.0,21.0
KTB001,KETUMBAR,2,41.0,20.5
VNP01,Vernipan,2,38.0,19.0
GM02,Gula merah 1kg,2,35.0,17.5
KCP001,Kacang peyek,2,35.0,17.5
TLR1,telur 1kg,2,35.0,17.5
CHR001,charm softex,2,34.0,17.0
MTA001,Montea,2,33.0,16.5
PDK001,Pepsodent kecil,2,32.0,16.0
SST001,SOSOFT,2,32.0,16.0
TLR2,telur 1/2,2,32.0,16.0
MMJ001,Mie menjangan,2,31.0,15.5
GL2001,GULA 1/2,2,30.0,15.0
TBN001,Teh Bandoelan,2,30.0,15.0
STT001,SATELIT,2,29.0,14.5
RTP001,ROTI PIA,2,28.0,14.0
BRS02,Beras 1/2,2,27.0,13.5
EKC001,Ekonomi Cair,2,26.0,13.0
KTK001,Kertas Kado,2,25.0,12.5
ELP001,Elite potato,2,24.0,12.0
RDR001,ROMA DURIAN,2,24.0,12.0
MYF001,Minyak Filma,2,23.0,11.5
TGS02,T. Segitiga 1/2,2,22.0,11.0
BJ001,Baygon jumbo,2,21.0,10.5
MBK002,Mie baked,2,21.0,10.5
TS001,Tisu Multi,2,21.0,10.5
GL003,Gula 1/4,2,20.0,10.0
KTK001,Kertas kado,2,20.0,10.0
ZN001,ZEN,2,20.0,10.0
BPT023,B. putih ons,2,18.0,9.0
KKP001,KERUPUK PANDA,2,18.0,9.0
TPL2,Tropical 2lt,2,18.0,9.0
BRT001,BARAKAT,2,16.0,8.0
GRB001,Gula rosebrand,2,16.0,8.0
KKP001,Kerupuk panda,2,15.0,7.5
VLP001,VALUE PACK,2,15.0,7.5
DTL001,DETOL,2,14.0,7.0
KPP01,Kerupuk puli 1/2,2,14.0,7.0
KPU001,KERUPUK UDANG,2,13.0,6.5
PT1/4.T,PLASTIK 1/4 TEBAL,2,13.0,6.5
SLQ001,SilverQueen,2,13.0,6.5
KMR001,Kemiri ons,2,12.0,6.0
BRW001,Bumbu rawon,2,11.0,5.5
STS,Santan Sasa,2,11.0,5.5
PKK001,Permen kopiko,2,10.0,5.0
KSK02,K. Singkong 1kg,2,9.0,4.5
BG002,Bunga gem 1kg,2,8.0,4.0
KCK001,KRECEK 1/2,2,7.0,3.5
KUS001,Keripik usus 1/2,2,7.0,3.5
SCK001,Sus coklat 1kg,2,7.0,3.5
CBB001,Coklat box besar,2,6.0,3.0
KPG01,Kue kuping gajah,2,6.0,3.0
KPT002,K. tongkol 1kg,2,6.0,3.0
PT001,PETIS 1/4,2,6.0,3.0
SK03,Sus kering 1kg,2,5.0,2.5
SST001,Sosoft,2,5.0,2.5
JLS001,Jelly stik,2,4.0,2.0
PT002,Petis 1/2,2,2.0,1.0
GRA001,Garuda Atom,1,130.0,130.0
AMP01,amplop,1,100.0,100.0
AMP01,AMPLOP,1,87.0,87.0
PTT001,PERMEN TINGTING,1,74.0,74.0
JLI02,INACO ECER,1,61.0,61.0
AMP01,Amplop,1,59.0,59.0
SCR01,Sabun Carsen,1,48.0,48.0
MSK001,masako,1,46.0,46.0
FTG001,fruta gummy 2,1,45.0,45.0
PLP001,pilus pop,1,43.0,43.0
PT1/2,PLASTIK 1/2,1,43.0,43.0
RYC001,royco,1,40.0,40.0
SBE001,ekonomi colek,1,39.0,39.0
ENG001,Energen,1,37.0,37.0
EMR001,emeron,1,36.0,36.0
GCC001,Garuda Crunchy,1,36.0,36.0
GDY001,good day,1,36.0,36.0
RSB001,Rinso bubuk,1,34.0,34.0
TC001,Tortila chip,1,34.0,34.0
JLI02,inaco ecer,1,33.0,33.0
NTJ001,NUTRIJELL,1,33.0,33.0
POK001,Permen Okky,1,31.0,31.0
ADS001,Adem Sari,1,30.0,30.0
DLN001,DILAN 1000,1,30.0,30.0
GRM01,GARAM,1,30.0,30.0
IDM002,INDOMILK,1,30.0,30.0
MP001,Mie Panda,1,30.0,30.0
TRS001,TERASI,1,30.0,30.0
BBG001,BUBBLE GUM,1,28.0,28.0
PSD001,pepsodent,1,28.0,28.0
TLA001,tolak angin,1,28.0,28.0
DSK01,DESAKU REMPAH,1,27.0,27.0
SN001,SABUN NUVO,1,26.0,26.0
DSO001,DESAKU OPOR,1,25.0,25.0
MLK02,Malkist Besar,1,25.0,25.0
QKR001,QUAKER OAT,1,25.0,25.0
TGP002,Tepung Peyek,1,25.0,25.0
YP1001,yupi 1000,1,25.0,25.0
DLC001,Dilan Cookies,1,24.0,24.0
TGP002,tepung peyek,1,24.0,24.0
ADS001,ADEM SARI,1,23.0,23.0
CLB001,Chocolatos Bubuk,1,23.0,23.0
JPT001,JAPOTA,1,22.0,22.0
JS001,Jelly star,1,22.0,22.0
RSB001,RINSO BUBUK,1,22.0,22.0
RIS001,ROTI ISI SELAI,1,21.0,21.0
BLB001,Blue Band,1,20.0,20.0
CKS001,CHOKKY STICK,1,20.0,20.0
GRR001,GORIORIO 1000,1,20.0,20.0
PJR01,Permen jeruk,1,20.0,20.0
PKK001,PERMEN KOPIKO,1,20.0,20.0
RSB001,Rinso Bubuk,1,20.0,20.0
RTP001,roti pia,1,20.0,20.0
STS,SANTAN SASA,1,20.0,20.0
ZC001,ZINC,1,20.0,20.0
ZC001,Zinc,1,20.0,20.0
KRS001,KARA SANTAN,1,19.0,19.0
MRS001,MIE RICIES,1,19.0,19.0
RY001,Roma Kopyor,1,19.0,19.0
GD001,GARUDA DONAT,1,18.0,18.0
KGA001,KOPI GULA AREN,1,18.0,18.0
MS001,MILO SACHET,1,18.0,18.0
TGO001,TANGGO,1,18.0,18.0
DC001,DILAN CREAM,1,17.0,17.0
GL1001,GULA 1kg,1,17.0,17.0
SG2001,SARI GANDUM 2,1,17.0,17.0
SKG001,Sikat gigi,1,17.0,17.0
CHR001,Charm softex,1,16.0,16.0
GS5001,GERY SALUT 500,1,16.0,16.0
TTS001,TINGTING SNACK,1,16.0,16.0
GLK01,Gulaku,1,15.0,15.0
PC001,PROCHIZ LEMBAR,1,15.0,15.0
TGB01,TEPUNG BAKWAN,1,15.0,15.0
GCS001,Gery Croissant,1,14.0,14.0
GPT001,Gery Potato,1,13.0,13.0
TSM01,Tisu mini,1,13.0,13.0
CK001,COKELAT KOIN,1,12.0,12.0
DNW01,DANCOW,1,12.0,12.0
GDL001,GOOD DAY LATTE,1,12.0,12.0
KTN001,KERTAS NASI,1,12.0,12.0
PTB001,POTABE,1,12.0,12.0
RTG001,ROTI GERY,1,12.0,12.0
SNC001,SUNCO 1L,1,12.0,12.0
SS001,Sabun Sayang,1,12.0,12.0
SZ001,Super Zet,1,12.0,12.0
TJ001,Tisu jolly,1,12.0,12.0
TSJ001,TEPUNG SAJIKU,1,12.0,12.0
BLB001,BLUE BAND,1,11.0,11.0
BRT001,Barakat,1,11.0,11.0
DNW01,Dancow,1,11.0,11.0
GSB002,Gery Salut Besar,1,11.0,11.0
MKE02,Mie eko besar,1,11.0,11.0
MP001,mie panda,1,11.0,11.0
MYK001,Minyak Kita,1,11.0,11.0
PDK001,PEPSODENT KECIL,1,11.0,11.0
TGK01,Tepung kriwul,1,11.0,11.0
BRS1,BERAS 1Kg,1,10.0,10.0
CHR001,CHARM SOFTEX,1,10.0,10.0
CLO01,CLEO MINERAL,1,10.0,10.0
DTK001,Detol kecil,1,10.0,10.0
FM001,Fancy mineral,1,10.0,10.0
FP001,Fernipan,1,10.0,10.0
GA001,Garang Asem,1,10.0,10.0
GL003,GULA 1/4,1,10.0,10.0
GSL002,GARUDA SLONDOK,1,10.0,10.0
INS001,Indosari,1,10.0,10.0
KP001,KECAP,1,10.0,10.0
KPH1,Kopi hitam One,1,10.0,10.0
KSK001,K. Singkong,1,10.0,10.0
KSK001,K. singkong,1,10.0,10.0
KSP001,Kispray,1,10.0,10.0
MBK002,MIE BAKED,1,10.0,10.0
RCK001,racik,1,10.0,10.0
SC001,Soklin Cair,1,10.0,10.0
STB001,Scotch brite,1,10.0,10.0
TGV001,TEPUNG VIRGO,1,10.0,10.0
TLC001,toilet cleaner,1,10.0,10.0
TPC001,TOP COFFE,1,10.0,10.0
TPL2,TROPICAL 2LT,1,10.0,10.0
TSY001,Tisu pascoy,1,10.0,10.0
BC001,Bio cair,1,9.0,9.0
KRM01,KURMA 1KG,1,9.0,9.0
NO001,NEO MINERAL,1,9.0,9.0
PT001,petis 1/4,1,9.0,9.0
TM001,Tisu Montis,1,9.0,9.0
TS001,Tisu multi,1,9.0,9.0
ATN01,ANTANGIN,1,8.0,8.0
ATN01,Antangin,1,8.0,8.0
BC001,BIO CAIR,1,8.0,8.0
GA001,GARANG ASEM,1,8.0,8.0
GC001,GARUDA CORN,1,8.0,8.0
KCI001,Kacang Ijo 1/2,1,8.0,8.0
KRK001,Kurma kasem,1,8.0,8.0
KRK001,kurma kasem,1,8.0,8.0
MLG001,madu lumbang,1,8.0,8.0
SCR01,Sabun carsen,1,8.0,8.0
SK2,Sus Kering 200,1,8.0,8.0
SNC2,SUNCO 2L,1,8.0,8.0
SPG001,SPAGETTI,1,8.0,8.0
TSM01,TISU MINI,1,8.0,8.0
TSP001,Tisu Peony,1,8.0,8.0
CS001,CUSSION BABY,1,7.0,7.0
ENG001,ENERGEN,1,7.0,7.0
GRT001,GERIT,1,7.0,7.0
HSC001,HARMONY CAIR,1,7.0,7.0
MCN004,MICIN 2000,1,7.0,7.0
SS001,SABUN SAYANG,1,7.0,7.0
BRT01,Beras tinta,1,6.0,6.0
CS001,Cussion baby,1,6.0,6.0
GG02,GENTLEGEN 10,1,6.0,6.0
JL103,Jelly Inaco 1kg,1,6.0,6.0
KDM001,KALDU MILI,1,6.0,6.0
MZ001,MINYAK RIZKY,1,6.0,6.0
TJ001,TISU JOLLY,1,6.0,6.0
TTS001,Tingting Snack,1,6.0,6.0
FM001,FANCY MINERAL,1,5.0,5.0
GM001,GULA MERAH 1/4,1,5.0,5.0
INF001,Indofood sambal,1,5.0,5.0
INS001,INDOSARI,1,5.0,5.0
SPL001,Siiplah,1,5.0,5.0
SS001,sabun sayang,1,5.0,5.0
STL001,Stella,1,5.0,5.0
TSY001,TISU PASCOY,1,5.0,5.0
BSPHP01,BERAS SPHP,1,4.0,4.0
BYG001,BAYGON CAIR,1,4.0,4.0
HSC001,Harmony cair,1,4.0,4.0
KKG001,Kue kacang,1,4.0,4.0
KPG001,Keripik pisang,1,4.0,4.0
KPP03,Kerupuk puli 1/4,1,4.0,4.0
SPG001,Spagetti,1,4.0,4.0
SPL001,SIIPLAH,1,4.0,4.0
TTL001,TEPUNG TULIP,1,4.0,4.0
BLB001,Blue bAND,1,3.0,3.0
BLJ04,Belinjo remah 1kg,1,3.0,3.0
CLU001,Close up,1,3.0,3.0
DSO001,Desaku Opor,1,3.0,3.0
GS001,GEM SNACK,1,3.0,3.0
INF001,INDOFOOD SAMBAL,1,3.0,3.0
KSP001,KISPRAY,1,3.0,3.0
KUS03,Keripik usus 1bal,1,3.0,3.0
RMB001,RAMBAK,1,3.0,3.0
SB001,Stik bawang,1,3.0,3.0
SG001,Sagon,1,3.0,3.0
BLJ04,BELINJO REMAH 1KG,1,2.0,2.0
BYG001,Baygon cair,1,2.0,2.0
CKS001,Chokky stick,1,2.0,2.0
HPD001,Happydent,1,2.0,2.0
KCP001,KACANG PEYEK,1,2.0,2.0
KPT03,K. tongkol 1/2,1,2.0,2.0
KSM001,Samiler 1kg,1,2.0,2.0
KSM02,SAMILER 1/2,1,2.0,2.0
KUS001,Keripik USUS 1/2,1,2.0,2.0
QTL001,Qtela,1,2.0,2.0
SB001,STIK BAWANG,1,2.0,2.0
SC002,SOKLIN CAIR GEN,1,2.0,2.0
SC002,Soklin cair gen,1,2.0,2.0
SG001,SAGON,1,2.0,2.0
BLJ01,Belinjo 1kg,1,1.0,1.0
BLJ02,Belinjo 1/2,1,1.0,1.0
BRW001,Bumbu Rawon,1,1.0,1.0
CBB001,COKLAT BOX BESAR,1,1.0,1.0
KDM001,Kaldu mili,1,1.0,1.0
KPT001,K. TONGKOL 1BAL,1,1.0,1.0
KUS02,Keripik usus 1kg,1,1.0,1.0
SCK001,SUS COKLAT 1KG,1,1.0,1.0
